station,entries,exits
Aberdeen,Less than 50,Less than 50
Adamstown,2124,2095
Albion Park,5539,4999
Allawah,58857,52854
Arncliffe,57543,52366
Artarmon,93699,90055
Ashfield,247935,245513
Asquith,28264,25825
Auburn,350829,333775
Austinmer,1443,1297
Awaba,489,383
Banksia,33016,30297
Bankstown,90349,93755
Barangaroo,203408,220818
Bardwell Park,21768,19780
Bargo,1034,1018
Bathurst,2484,1697
Beecroft,27920,27276
Bell,72,77
Bella Vista,83803,81389
Bellambi,1885,1786
Belmore,Less than 50,Less than 50
Berala,46645,43564
Beresfield,3313,3018
Berowra,25704,24043
Berry,1519,1379
Beverly Hills,43866,39507
Bexley North,28582,26081
Birrong,8970,9239
Blackheath,4806,4568
Blacktown,337809,350787
Blaxland,9611,8492
Bomaderry,6095,4988
Bombo,860,740
Bondi Junction,510143,507044
Booragul,686,639
Bowral,4583,4439
Branxton,204,164
Broadmeadow,20328,19173
Bullaburra,1048,1021
Bulli,2634,2235
Bundanoon,275,158
Burradoo,178,215
Burwood,484644,496680
Cabramatta,181301,178412
Campbelltown,129735,129195
Campsie,Less than 50,Less than 50
Canley Vale,55022,50321
Canterbury,Less than 50,Less than 50
Cardiff,19665,17905
Caringbah,55100,52435
Carlton,62862,58019
Carramar,13828,11868
Castle Hill,187512,196922
Casula,8780,7725
Central,1990723,2070843
Chatswood,811899,838755
Cheltenham,18072,15851
Cherrybrook,116678,111687
Chester Hill,25471,24008
Circular Quay,478691,479504
Clarendon,4052,4072
Clyde,22575,21311
Coalcliff,202,280
Cockle Creek,944,1004
Coledale,471,407
Como,14055,12094
Concord West,41950,40543
Coniston,4314,4210
Corrimal,2633,2223
Cowan,1167,1464
Cringila,327,291
Cronulla,58266,56541
Crows Nest,280230,285124
Croydon,48230,43742
Dapto,9773,8749
Denistone,11584,10498
Domestic,198729,173196
Doonside,61689,55877
Dora Creek,799,788
Douglas Park,479,457
Dulwich Hill,Less than 50,Less than 50
Dungog,425,353
East Hills,17870,16239
East Maitland,639,505
East Richmond,4140,5000
Eastwood,164350,166651
Edgecliff,173349,168260
Edmondson Park,93899,89860
Emu Plains,23638,22217
Engadine,25485,24444
Epping,357934,349483
Erskineville,52120,47534
Exeter,115,Less than 50
Fairfield,127875,123678
Fairy Meadow,2203,1967
Fassifern,9315,9004
Faulconbridge,1567,1480
Flemington,123839,116528
Gadigal,515712,526824
Gerringong,1208,1090
Glenbrook,8455,7834
Glenfield,125729,118928
Gordon,140587,139228
Gosford,95387,93941
Goulburn,1080,854
Granville,160082,150452
Green Square,205773,199593
Greta,Less than 50,Less than 50
Guildford,65560,58728
Gymea,41806,38630
Hamilton,14581,15140
Harris Park,63931,64421
Hawkesbury River,5650,5632
Hazelbrook,5636,4897
Heathcote,11089,10836
Helensburgh,6525,5995
Hexham,171,209
High Street,299,444
Hilldale,Less than 50,Less than 50
Hills Showground,105239,101074
Holsworthy,62462,59539
Homebush,92427,86466
Hornsby,267029,269657
Hurstville,454080,458648
Ingleburn,67792,67168
International,125655,111504
Jannali,50968,48984
Katoomba,31298,32461
Kellyville,102647,101624
Kembla Grange,164,184
Kiama,13120,13088
Killara,43805,42119
Kings Cross,308862,322398
Kingsgrove,47845,46067
Kingswood,47592,44545
Kirrawee,39345,38270
Kogarah,239789,229432
Koolewong,1444,1061
Kotara,1130,1386
Lakemba,Less than 50,Less than 50
Lapstone,1613,1407
Lawson,3296,2963
Leightonfield,6033,5878
Leppington,93978,89904
Leumeah,54532,51323
Leura,9062,7525
Lewisham,55955,52240
Lidcombe,315628,307907
Linden,280,294
Lindfield,84112,82502
Lisarow,2944,2625
Lithgow,6095,5546
Liverpool,195818,193151
Lochinvar,Less than 50,Less than 50
Loftus,8435,7630
Lysaghts,Less than 50,Less than 50
Macarthur,66460,65445
Macdonaldtown,24492,23519
Macquarie Fields,20540,19615
Macquarie Park,116053,114198
Macquarie University,348875,354935
Maitland,8845,8146
Marayong,23516,21379
Marrickville,Less than 50,Less than 50
Martin Place,872480,966598
Martins Creek,Less than 50,Less than 50
Marulan,88,53
Mascot,349402,350148
Meadowbank,110980,100947
Medlow Bath,823,726
Menangle Park,335,351
Menangle,330,370
Merrylands,148651,143898
Metford,1470,1300
Milsons Point,157967,169641
Mindaribba,Less than 50,Less than 50
Minnamurra,2042,1953
Minto,64704,61783
Miranda,80171,83366
Mittagong,3522,3108
Morisset,14735,13364
Mortdale,75343,68206
Moss Vale,3223,3118
Mount Colah,12945,12057
Mount Druitt,135481,134491
Mount Kuring-gai,4976,4909
Mount Victoria,2207,1966
Mulgrave,5564,5501
Museum,195494,225729
Muswellbrook,501,392
Narara,4722,4016
Narwee,40142,36241
Newcastle Interchange,41775,41628
Newtown,222531,256646
Niagara Park,2147,1934
Normanhurst,24420,20395
North Ryde,89538,88878
North Strathfield,58823,57996
North Sydney,227332,241734
North Wollongong,20623,19981
Norwest,84396,82991
Oak Flats,7958,7050
Oatley,40188,38260
Olympic Park,73204,82145
Otford,489,525
Ourimbah,3662,3434
Padstow,54008,51173
Panania,34424,31543
Parramatta,962921,970984
Paterson,120,91
Pendle Hill,70973,66014
Pennant Hills,38442,37183
Penrith,158610,162092
Penrose,Less than 50,Less than 50
Penshurst,66065,57001
Petersham,71652,69171
Picton,2970,2550
Point Clare,3208,2655
Port Kembla North,334,259
Port Kembla,1445,1180
Punchbowl,Less than 50,Less than 50
Pymble,45042,41968
Quakers Hill,53966,48623
Redfern,467974,501923
Regents Park,32493,30253
Revesby,120001,117000
Rhodes,222786,219253
Richmond,16513,14830
Riverstone,26747,25312
Riverwood,72549,68331
Rockdale,224639,216207
Rooty Hill,82182,77798
Roseville,58731,57329
Rouse Hill,127230,131593
Rydal,Less than 50,Less than 50
Sandgate,381,344
Scarborough,292,263
Schofields,92125,88670
Scone,417,317
Sefton,19141,17363
Seven Hills,129834,124068
Shellharbour Junction,3485,3109
Singleton,666,590
Springwood,19552,18561
St James,153349,172261
St Leonards,230058,230095
St Marys,101213,99515
St Peters,59849,53139
Stanmore,61762,56444
Stanwell Park,877,911
Strathfield,570387,550497
Summer Hill,73097,67877
Sutherland,153605,155780
Sydenham,495267,481539
Tahmoor,3203,2885
Tallawong,197744,185162
Tallong,Less than 50,Less than 50
Tarana,98,68
Tarro,151,85
Tascott,2145,1849
Telarah,2977,2531
Tempe,29452,28702
Teralba,1011,890
Thirroul,18222,15919
Thornleigh,37034,35337
Thornton,5433,4918
Toongabbie,63394,60699
Town Hall,1750259,1657599
Towradgi,1434,1274
Tuggerah,25628,24140
Turramurra,77546,73952
Turrella,22307,20834
Unanderra,7814,6981
Valley Heights,1259,1222
Victoria Cross,384284,374141
Victoria Street,6151,5700
Villawood,11688,11436
Vineyard,3755,3450
Wahroonga,37227,36036
Waitara,63192,59134
Wallarobba,Less than 50,Less than 50
Warabrook,4348,4364
Waratah,3626,3498
Warnervale,4653,4192
Warrawee,18206,17396
Warrimoo,2257,2051
Warwick Farm,53096,47950
Waterfall,9179,9247
Waterloo,152713,145706
Waverton,43074,38307
Wentworth Falls,6828,6493
Wentworthville,87263,83990
Werrington,28272,25224
West Ryde,103186,103691
Westmead,147297,136929
Wiley Park,Less than 50,Less than 50
Windsor,15700,15166
Wingello,Less than 50,Less than 50
Wirragulla,Less than 50,Less than 50
Wolli Creek,199532,199740
Wollongong,35906,35831
Wollstonecraft,44105,40450
Wombarra,351,328
Wondabyne,399,463
Woodford,1500,1366
Woolooware,25385,24454
Woonona,2155,1798
Woy Woy,74821,74714
Wyee,4973,4319
Wynyard,1081387,1143945
Wyong,30060,28973
Yagoona,19824,18721
Yennora,23788,24254
Yerrinbool,337,303
Zig Zag,78,123